id,admin_name,admin_photo,admin_desc,admin_email
1,Liam,NaN,lorem,liam@example.com
2,Olivia,NaN,ipsum,olivia@example.com
3,Noah,NaN,dolor,noah@example.com
4,Emma,NaN,sit,emma@example.com
5,Oliver,NaN,amet,oliver@example.com
6,Ava,NaN,consectetur,ava@example.com
7,Elijah,NaN,adipiscing,elijah@example.com
8,Sophia,NaN,elit,sophia@example.com
9,William,NaN,sed,william@example.com
10,Isabella,NaN,do,isabella@example.com
11,James,NaN,eiusmod,james@example.com
12,Mia,NaN,tempor,mia@example.com
13,Benjamin,NaN,incididunt,benjamin@example.com
14,Charlotte,NaN,ut,charlotte@example.com
15,Lucas,NaN,labore,lucas@example.com
16,Amelia,NaN,et,amelia@example.com
17,Mason,NaN,dolore,mason@example.com
18,Evelyn,NaN,magna,evelyn@example.com
19,Ethan,NaN,aliqua,ethan@example.com
20,Abigail,NaN,enim,abigail@example.com
